流水號,攝影機編號,WGSX,WGSY,攝影機路徑,攝影機數字編號
1,001-市民快承德,121.516899,25.048553,https://cctv.bote.gov.taipei:8502/jpg/001,001
2,002-環快忠孝橋,121.506042,25.049253,https://cctv.bote.gov.taipei:8502/jpg/002,002
3,003-環快中興橋,121.500679,25.044197,https://cctv.bote.gov.taipei:8502/jpg/003,003
4,004-環快華江橋,121.4904247,25.03527326,https://cctv.bote.gov.taipei:8502/jpg/004,004
5,005-環快光復橋,121.4912983,25.0248362,https://cctv.bote.gov.taipei:8502/jpg/005,005
6,006-環快華中橋,121.495305,25.016719,https://cctv.bote.gov.taipei:8502/jpg/006,006
7,007-水源快中正橋,121.5166651,25.02218833,https://cctv.bote.gov.taipei:8502/jpg/007,007
8,008-水源快師大,121.522281,25.020491,https://cctv.bote.gov.taipei:8502/jpg/008,008
9,009-辛亥快汀州,121.526881,25.018831,https://cctv.bote.gov.taipei:8502/jpg/009,009
10,010-辛亥快泰順,121.529495,25.019934,https://cctv.bote.gov.taipei:8502/jpg/010,010
11,011-辛亥快新生南,121.534517,25.022641,https://cctv.bote.gov.taipei:8502/jpg/011,011
12,012-建國快辛亥,121.536369,25.022418,https://cctv.bote.gov.taipei:8502/jpg/012,012
13,013-建國快和平,121.53751,25.02576,https://cctv.bote.gov.taipei:8502/jpg/013,013
14,014-建國快信義,121.537651,25.033466,https://cctv.bote.gov.taipei:8502/jpg/014,014
15,015-建國快仁愛,121.53798,25.03807,https://cctv.bote.gov.taipei:8502/jpg/015,015
16,016-建國快忠孝,121.53701,25.0416,https://cctv.bote.gov.taipei:8502/jpg/016,016
17,017-建國快長安,121.53684,25.04848,https://cctv.bote.gov.taipei:8502/jpg/017,017
18,018-建國快南京,121.53661,25.05187,https://cctv.bote.gov.taipei:8502/jpg/018,018
19,019-建國快民生,121.53703,25.05801,https://cctv.bote.gov.taipei:8502/jpg/019,019
20,020-建國快民權,121.53692,25.06228,https://cctv.bote.gov.taipei:8502/jpg/020,020
21,021-民族松江,121.53295,25.06831,https://cctv.bote.gov.taipei:8502/jpg/021,021
22,022-建國快圓山匝道,121.5336,25.07116,https://cctv.bote.gov.taipei:8502/jpg/022,022
23,023-水源快永福橋,121.52814,25.012011,https://cctv.bote.gov.taipei:8502/jpg/023,023
24,024-水源快福和橋,121.532405,25.008628,https://cctv.bote.gov.taipei:8502/jpg/024,024
25,025-基隆快羅斯,121.53717,25.01134,https://cctv.bote.gov.taipei:8502/jpg/025,025
26,026-基隆快辛亥,121.5468,25.019,https://cctv.bote.gov.taipei:8502/jpg/026,026
27,027-市民快環河,121.506905,25.050808,https://cctv.bote.gov.taipei:8502/jpg/027,027
28,028-市民快中山,121.520889,25.048124,https://cctv.bote.gov.taipei:8502/jpg/028,028
29,029-市民快敦化,121.548958,25.044937,https://cctv.bote.gov.taipei:8502/jpg/029,029
30,030-市民快松江,121.532738,25.045305,https://cctv.bote.gov.taipei:8502/jpg/030,030
31,031-市民快永吉,121.56501,25.044683,https://cctv.bote.gov.taipei:8502/jpg/031,031
32,032-市民快重慶匝道,121.512978,25.049494,https://cctv.bote.gov.taipei:8502/jpg/032,032
33,033-市民快新生匝道,121.530198,25.046084,https://cctv.bote.gov.taipei:8502/jpg/033,033
34,034-市民快建國北匝道,121.536842,25.044715,https://cctv.bote.gov.taipei:8502/jpg/034,034
35,035-市民快光復匝道,121.556938,25.044897,https://cctv.bote.gov.taipei:8502/jpg/035,035
36,036-市民快正氣橋上層,121.567345,25.045813,https://cctv.bote.gov.taipei:8502/jpg/036,036
37,037-市民快麥帥一橋,121.570717,25.051216,https://cctv.bote.gov.taipei:8502/jpg/037,037
38,038-基隆永吉,121.566913,25.045533,https://cctv.bote.gov.taipei:8502/jpg/038,038
39,039-環河民生,121.508362,25.056755,https://cctv.bote.gov.taipei:8502/jpg/039,039
40,040-民權西台北橋,121.508774,25.063412,https://cctv.bote.gov.taipei:8502/jpg/040,040
41,041-環河北敦煌,121.508559,25.076133,https://cctv.bote.gov.taipei:8502/jpg/041,041
42,042-承德中正,121.515997,25.090995,https://cctv.bote.gov.taipei:8502/jpg/042,042
43,043-重慶北交流道,121.513039,25.081245,https://cctv.bote.gov.taipei:8502/jpg/043,043
44,044-圓山中山橋,121.5253088,25.07627506,https://cctv.bote.gov.taipei:8502/jpg/044,044
45,045-大直橋,121.544685,25.077025,https://cctv.bote.gov.taipei:8502/jpg/045,045
46,046-民權撫遠,121.56593,25.06331,https://cctv.bote.gov.taipei:8502/jpg/046,046
47,047-麥帥二橋松山抽水站,121.57016,25.054733,https://cctv.bote.gov.taipei:8502/jpg/047,047
48,048-中正重陽橋,121.505803,25.085694,https://cctv.bote.gov.taipei:8502/jpg/048,048
49,049-環東快堤頂匝道,121.577797,25.05489,https://cctv.bote.gov.taipei:8502/jpg/049,049
50,050-環東快舊宗匝道,121.584259,25.058504,https://cctv.bote.gov.taipei:8502/jpg/050,050
51,051-環東快成功路,121.5910282,25.06109731,https://cctv.bote.gov.taipei:8502/jpg/051,051
52,052-環東快出城往東,121.600304,25.05835,https://cctv.bote.gov.taipei:8502/jpg/052,052
53,053-環東麥帥二橋往堤頂,121.573631,25.058311,https://cctv.bote.gov.taipei:8502/jpg/053,053
54,054-環東快成功橋,121.591705,25.060177,https://cctv.bote.gov.taipei:8502/jpg/054,054
55,055-環東快進城基河三期國宅,121.601273,25.058428,https://cctv.bote.gov.taipei:8502/jpg/055,055
56,056-環東快進城南湖大橋,121.611183,25.061342,https://cctv.bote.gov.taipei:8502/jpg/056,056
57,057-環東快經貿一路匝道,121.616203,25.062899,https://cctv.bote.gov.taipei:8502/jpg/057,057
58,058-三重南港,121.614059,25.054968,https://cctv.bote.gov.taipei:8502/jpg/058,058
59,059-經貿二南港,121.616638,25.055103,https://cctv.bote.gov.taipei:8502/jpg/059,059
60,060-環東匝道,121.619362,25.059399,https://cctv.bote.gov.taipei:8502/jpg/060,060
61,061-南湖大橋三重路,121.614487,25.060604,https://cctv.bote.gov.taipei:8502/jpg/061,061
62,063-洲美快道福國匝道,121.499135,25.101245,https://cctv.bote.gov.taipei:8502/jpg/063,063
63,064-洲美快13號道路匝道前,121.4991137,25.10613965,https://cctv.bote.gov.taipei:8502/jpg/064,064
64,065-洲美快焚化爐前,121.4986613,25.10812087,https://cctv.bote.gov.taipei:8502/jpg/065,065
65,066-洲美快13號道路,121.498663,25.112044,https://cctv.bote.gov.taipei:8502/jpg/066,066
66,067-洲美快大業路匝道,121.499687,25.116961,https://cctv.bote.gov.taipei:8502/jpg/067,067
67,068-大業大度,121.499672,25.121141,https://cctv.bote.gov.taipei:8502/jpg/068,068
68,069-環河北中正,121.505536,25.085722,https://cctv.bote.gov.taipei:8502/jpg/069,069
69,070-延平社中,121.501044,25.090495,https://cctv.bote.gov.taipei:8502/jpg/070,070
70,071-延平北通河西,121.497548,25.093829,https://cctv.bote.gov.taipei:8502/jpg/071,071
71,072-延平北通河西(堤防),121.497352,25.094381,https://cctv.bote.gov.taipei:8502/jpg/072,072
72,073-信義快萬芳交流道,121.580375,25.004241,https://cctv.bote.gov.taipei:8502/jpg/073,073
73,074-信義松德,121.5741417,25.03311944,https://cctv.bote.gov.taipei:8502/jpg/074,074
74,075-信義松仁,121.568184,25.032612,https://cctv.bote.gov.taipei:8502/jpg/075,075
75,076-新生高圓山,121.5256463,25.07434992,https://cctv.bote.gov.taipei:8502/jpg/076,076
76,077-環河快詔安街,121.514607,25.02400181,https://cctv.bote.gov.taipei:8502/jpg/077,077
77,078-環河快泉州街,121.5121763,25.02408073,https://cctv.bote.gov.taipei:8502/jpg/078,078
78,079-復興辛亥,121.543298,25.021568,https://cctv.bote.gov.taipei:8502/jpg/079,079
79,080-環河快貴陽匝道,121.49559,25.03858,https://cctv.bote.gov.taipei:8502/jpg/080,080
80,081-環河快萬板大橋,121.4882854,25.03043655,https://cctv.bote.gov.taipei:8502/jpg/081,081
81,082-環河快華翠大橋,121.4891298,25.0275276,https://cctv.bote.gov.taipei:8502/jpg/082,082
82,083-環河快青年路口,121.5042989,25.01985106,https://cctv.bote.gov.taipei:8502/jpg/083,083
83,084-水源快溪州街口,121.5342047,25.00594153,https://cctv.bote.gov.taipei:8502/jpg/084,084
84,085-水源快景美出口匝道,121.535638,24.997855,https://cctv.bote.gov.taipei:8502/jpg/085,085
85,086-水源快景美入口匝道,121.5352933,25.0000574,https://cctv.bote.gov.taipei:8502/jpg/086,086
86,087-基隆快樂業街口,121.5502051,25.02227099,https://cctv.bote.gov.taipei:8502/jpg/087,087
87,088-基隆快敦化南路,121.5486272,25.02105815,https://cctv.bote.gov.taipei:8502/jpg/088,088
88,089-基隆快辛亥出口匝道,121.54171,25.01487,https://cctv.bote.gov.taipei:8502/jpg/089,089
89,090-建國快松江,121.53398,25.06733,https://cctv.bote.gov.taipei:8502/jpg/090,090
90,091-中山北安,121.5267972,25.07595899,https://cctv.bote.gov.taipei:8502/jpg/091,091
91,092-復北隧道南口-民族復興,121.5443686,25.06658579,https://cctv.bote.gov.taipei:8502/jpg/092,092
92,093-復北隧道北向0K+500M,121.54436,25.06731,https://cctv.bote.gov.taipei:8502/jpg/093,093
93,094-復北隧道北向0K+623M,121.544434,25.069681,https://cctv.bote.gov.taipei:8502/jpg/094,094
94,095-復北隧道北向0K+750M,121.54432,25.06955,https://cctv.bote.gov.taipei:8502/jpg/095,095
95,096-復北隧道北向0K+876M,121.54431,25.07061,https://cctv.bote.gov.taipei:8502/jpg/096,096
96,097-復北隧道北口-濱江大直橋,121.54417,25.07197,https://cctv.bote.gov.taipei:8502/jpg/097,097
97,098-復北隧道南向0K+955M,121.54426,25.07127,https://cctv.bote.gov.taipei:8502/jpg/098,098
98,099-復北隧道南向0K+830M,121.54425,25.07019,https://cctv.bote.gov.taipei:8502/jpg/099,099
99,100-復北隧道南向0K+705M,121.54423,25.06915,https://cctv.bote.gov.taipei:8502/jpg/100,100
100,101-復北隧道南向0K+580M,121.54425,25.06803,https://cctv.bote.gov.taipei:8502/jpg/101,101
101,102-東湖隧道北向0K+295M,121.60913,25.08091,https://cctv.bote.gov.taipei:8502/jpg/102,102
102,103-東湖隧道南向0K+593M,121.61074,25.07939,https://cctv.bote.gov.taipei:8502/jpg/103,103
103,104-東湖隧道南向0K+770M,121.61263,25.07823,https://cctv.bote.gov.taipei:8502/jpg/104,104
104,105-東湖隧道北向1K+115M,121.61605,25.07838,https://cctv.bote.gov.taipei:8502/jpg/105,105
105,106-東湖隧道南向1K+245M,121.61745,25.07861,https://cctv.bote.gov.taipei:8502/jpg/106,106
106,107-東湖隧道北向1K+500M,121.61963,25.07963,https://cctv.bote.gov.taipei:8502/jpg/107,107
107,108-東湖隧道北向1K+777M,121.62226,25.07864,https://cctv.bote.gov.taipei:8502/jpg/108,108
108,109-內湖環山,121.565307,25.082148,https://cctv.bote.gov.taipei:8502/jpg/109,109
109,110-堤頂樂群一,121.57003,25.07732,https://cctv.bote.gov.taipei:8502/jpg/110,110
110,111-堤頂基湖(東南角),121.564125,25.078604,https://cctv.bote.gov.taipei:8502/jpg/111,111
111,112-堤頂基湖(西南角),121.563957,25.078972,https://cctv.bote.gov.taipei:8502/jpg/112,112
112,113-瑞光港墘(台北登峰),121.574814,25.076233,https://cctv.bote.gov.taipei:8502/jpg/113,113
113,114-港墘路220號(遠傳港墘大樓),121.57355,25.07532,https://cctv.bote.gov.taipei:8502/jpg/114,114
114,115-舊宗路2段181巷口,121.574409,25.071665,https://cctv.bote.gov.taipei:8502/jpg/115,115
115,117- 舊宗路2段與民權東路6段11巷25弄口,121.574753,25.067524,https://cctv.bote.gov.taipei:8502/jpg/117,117
116,119-民權舊宗路口,121.5752,25.06558,https://cctv.bote.gov.taipei:8502/jpg/119,119
117,120-民權東路6段與堤頂大道1段路口號誌桿,121.572258,25.06488,https://cctv.bote.gov.taipei:8502/jpg/120,120
118,121-木柵路1段與木柵路1段76巷口號誌桿,121.550159,24.98746,https://cctv.bote.gov.taipei:8502/jpg/121,121
119,122-新明路成美橋,121.5822339,25.05563424,https://cctv.bote.gov.taipei:8502/jpg/122,122
120,124-康寧東湖,121.612182,25.068992,https://cctv.bote.gov.taipei:8502/jpg/124,124
121,125-二殯西北角(辛亥路三段330號),121.5530827,25.01374605,https://cctv.bote.gov.taipei:8502/jpg/125,125
122,126-芳蘭路-基隆路三段155巷176弄,121.5469487,25.01430573,https://cctv.bote.gov.taipei:8502/jpg/126,126
123,127-辛亥路-芳蘭路(門架上),121.5490423,25.01694323,https://cctv.bote.gov.taipei:8502/jpg/127,127
124,128-信義松智東南角,121.565483,25.032854,https://cctv.bote.gov.taipei:8502/jpg/128,128
125,129-忠孝光復,121.557732,25.041399,https://cctv.bote.gov.taipei:8502/jpg/129,129
126,130-忠孝基隆,121.56469,25.041418,https://cctv.bote.gov.taipei:8502/jpg/130,130
127,131-忠孝松山,121.578094,25.040913,https://cctv.bote.gov.taipei:8502/jpg/131,131
128,132-仁愛光復,121.557777,25.037724,https://cctv.bote.gov.taipei:8502/jpg/132,132
129,133-松高松智,121.565567,25.039202,https://cctv.bote.gov.taipei:8502/jpg/133,133
130,134-松仁松壽,121.568314,25.03578,https://cctv.bote.gov.taipei:8502/jpg/134,134
131,135-基隆信義,121.559769,25.033039,https://cctv.bote.gov.taipei:8502/jpg/135,135
132,136-基隆光復,121.559769,25.033039,https://cctv.bote.gov.taipei:8502/jpg/136,136
133,137-市府西南(松壽市府),121.563805,25.036091,https://cctv.bote.gov.taipei:8502/jpg/137,137
134,138-市府東南(松壽松智),121.565224,25.036072,https://cctv.bote.gov.taipei:8502/jpg/138,138
135,139-市府東北(松高松智),121.565269,25.038872,https://cctv.bote.gov.taipei:8502/jpg/139,139
136,140-市府西北(松高市府),121.563782,25.038948,https://cctv.bote.gov.taipei:8502/jpg/140,140
137,141-北安明水(近大直橋),121.551575,25.085754,https://cctv.bote.gov.taipei:8502/jpg/141,141
138,142-北安明水(近自強隧道),121.552841,25.085871,https://cctv.bote.gov.taipei:8502/jpg/142,142
139,143-內湖堤頂(西側),121.56076,25.0842,https://cctv.bote.gov.taipei:8502/jpg/143,143
140,145-內湖港墘,121.576591,25.079613,https://cctv.bote.gov.taipei:8502/jpg/145,145
141,146-成功文德,121.589599,25.079314,https://cctv.bote.gov.taipei:8502/jpg/146,146
142,147-明水樂群一路,121.550697,25.077282,https://cctv.bote.gov.taipei:8502/jpg/147,147
143,148-敬業三路樂群二路,121.556145,25.079866,https://cctv.bote.gov.taipei:8502/jpg/148,148
144,149-瑞光路478巷口,121.569426,25.078963,https://cctv.bote.gov.taipei:8502/jpg/149,149
145,150-瑞光陽光(瑞光社宅),121.579063,25.073568,https://cctv.bote.gov.taipei:8502/jpg/150,150
146,151-堤頂大道樂群一路,121.56855,25.077263,https://cctv.bote.gov.taipei:8502/jpg/151,151
147,152-堤頂大道1段與港墘路口往北,121.5724,25.07461,https://cctv.bote.gov.taipei:8502/jpg/152,152
148,153-民權行愛,121.578331,25.066748,https://cctv.bote.gov.taipei:8502/jpg/153,153
149,154-民權瑞光,121.583979,25.068633,https://cctv.bote.gov.taipei:8502/jpg/154,154
150,155-民權成功,121.590592,25.069049,https://cctv.bote.gov.taipei:8502/jpg/155,155
151,156-舊宗新湖二路,121.578247,25.06175,https://cctv.bote.gov.taipei:8502/jpg/156,156
152,157-中山劍潭(東側),121.525623,25.084018,https://cctv.bote.gov.taipei:8502/jpg/157,157
153,158-延平民權(進城),121.511231,25.063051,https://cctv.bote.gov.taipei:8502/jpg/158,158
154,159-延平民權(出城),121.51126,25.062825,https://cctv.bote.gov.taipei:8502/jpg/159,159
155,160-民權承德(西側),121.518059,25.062883,https://cctv.bote.gov.taipei:8502/jpg/160,160
156,161-民權承德(東側),121.51798,25.062911,https://cctv.bote.gov.taipei:8502/jpg/161,161
157,162-市民重慶(東側),121.513364,25.049276,https://cctv.bote.gov.taipei:8502/jpg/162,162
158,163-市民承德(南側),121.516345,25.048769,https://cctv.bote.gov.taipei:8502/jpg/163,163
159,164-市民承德(西側),121.516423,25.048552,https://cctv.bote.gov.taipei:8502/jpg/164,164
160,165-市民中山(西南角),121.520593,25.047942,https://cctv.bote.gov.taipei:8502/jpg/165,165
161,166-市民中山(西北角),121.520594,25.048132,https://cctv.bote.gov.taipei:8502/jpg/166,166
162,167-重慶愛國(西側),121.512255,25.035305,https://cctv.bote.gov.taipei:8502/jpg/167,167
163,168-師大汀州(南側),121.525374,25.020886,https://cctv.bote.gov.taipei:8502/jpg/168,168
164,169-基隆路3段156巷,121.54248,25.01591,https://cctv.bote.gov.taipei:8502/jpg/169,169
165,171-羅斯福路3段244巷口(台電大樓),121.531481,25.017381,https://cctv.bote.gov.taipei:8502/jpg/171,171
166,172-基隆羅斯(東南角),121.537289,25.010831,https://cctv.bote.gov.taipei:8502/jpg/172,172
167,173-仁愛敦化(北側),121.548706,25.038298,https://cctv.bote.gov.taipei:8502/jpg/173,173
168,174-仁愛敦化(西側),121.548228,25.037939,https://cctv.bote.gov.taipei:8502/jpg/174,174
169,175-仁愛敦化(東側),121.549397,25.037853,https://cctv.bote.gov.taipei:8502/jpg/175,175
170,176-仁愛敦化(南側),121.548781,25.037332,https://cctv.bote.gov.taipei:8502/jpg/176,176
171,177-基隆路北往南主車道1(基隆忠孝),121.564394,25.041319,https://cctv.bote.gov.taipei:8502/jpg/177,177
172,178-基隆路北往南主車道2(基隆忠孝),121.5642727,25.04104561,https://cctv.bote.gov.taipei:8502/jpg/178,178
173,179-基隆路北往南主車道3(基隆忠孝),121.564265,25.041097,https://cctv.bote.gov.taipei:8502/jpg/179,179
174,180-基隆路北往南主車道4(基隆松高),121.563682,25.039173,https://cctv.bote.gov.taipei:8502/jpg/180,180
175,181-基隆路北往南主車道5(基隆松高),121.563516,25.039187,https://cctv.bote.gov.taipei:8502/jpg/181,181
176,182-基隆路北往南主車道6(基隆松壽),121.561488,25.035936,https://cctv.bote.gov.taipei:8502/jpg/182,182
177,183-基隆路北往南主車道7(基隆松壽),121.561413,25.035858,https://cctv.bote.gov.taipei:8502/jpg/183,183
178,184-基隆路北往南主車道8(基隆松壽),121.561338,25.035722,https://cctv.bote.gov.taipei:8502/jpg/184,184
179,185-基隆路南往北主車道1(基隆松壽),121.561193,25.035916,https://cctv.bote.gov.taipei:8502/jpg/185,185
180,186-基隆路南往北主車道2(基隆松壽),121.561134,25.035824,https://cctv.bote.gov.taipei:8502/jpg/186,186
181,187-基隆路南往北主車道3(基隆松壽),121.561091,25.035761,https://cctv.bote.gov.taipei:8502/jpg/187,187
182,188-基隆路南往北主車道4(基隆松高),121.563565,25.039156,https://cctv.bote.gov.taipei:8502/jpg/188,188
183,189-基隆路南往北主車道5(基隆松高),121.563624,25.039163,https://cctv.bote.gov.taipei:8502/jpg/189,189
184,190-基隆路南往北主車道6(基隆忠孝),121.564648,25.041292,https://cctv.bote.gov.taipei:8502/jpg/190,190
185,191-基隆路南往北主車道7(基隆忠孝),121.564589,25.041209,https://cctv.bote.gov.taipei:8502/jpg/191,191
186,192-基隆路南往北主車道8(基隆忠孝),121.564541,25.041112,https://cctv.bote.gov.taipei:8502/jpg/192,192
187,193-基隆路北往南混合車道1(基隆松高),121.563712,25.039233,https://cctv.bote.gov.taipei:8502/jpg/193,193
188,194-基隆路北往南混合車道2(基隆松高),121.563696,25.039182,https://cctv.bote.gov.taipei:8502/jpg/194,194
189,195-基隆路北往南混合車道3(基隆松壽),121.561268,25.03562,https://cctv.bote.gov.taipei:8502/jpg/195,195
190,196-基隆路北往南混合車道4(基隆松壽),121.56122,25.035537,https://cctv.bote.gov.taipei:8502/jpg/196,196
191,197-基隆路南往北混合車道1(基隆松壽),121.561059,25.035693,https://cctv.bote.gov.taipei:8502/jpg/197,197
192,198-基隆路南往北混合車道2(基隆松壽),121.561016,25.035596,https://cctv.bote.gov.taipei:8502/jpg/198,198
193,199-基隆路南往北混合車道3(基隆松高),121.563648,25.039314,https://cctv.bote.gov.taipei:8502/jpg/199,199
194,200-基隆路南往北混合車道4(基隆忠孝),121.564369,25.041272,https://cctv.bote.gov.taipei:8502/jpg/200,200
195,201-自強隧道往故宮入口0K+16M,121.549568,25.087173,https://cctv.bote.gov.taipei:8502/jpg/201,201
196,202-自強隧道往故宮入口0K+240M,121.549301,25.090467,https://cctv.bote.gov.taipei:8502/jpg/202,202
197,203-自強隧道往故宮入口0K+474M,121.548965,25.093479,https://cctv.bote.gov.taipei:8502/jpg/203,203
198,204-自強隧道往大直入口0K+20M,121.548508,25.09413,https://cctv.bote.gov.taipei:8502/jpg/204,204
199,205-自強隧道往大直入口0K+326M,121.548637,25.0924,https://cctv.bote.gov.taipei:8502/jpg/205,205
200,206-自強隧道往大直入口0K+553M,121.548805,25.089815,https://cctv.bote.gov.taipei:8502/jpg/206,206
201,207-辛亥隧道往木柵入口0K+7M,121.554367,25.012644,https://cctv.bote.gov.taipei:8502/jpg/207,207
202,208-辛亥隧道往木柵入口0K+179M,121.555557,25.011465,https://cctv.bote.gov.taipei:8502/jpg/208,208
203,209-辛亥隧道往木柵入口0K+331M,121.557091,25.00993,https://cctv.bote.gov.taipei:8502/jpg/209,209
204,210-辛亥隧道往市區入口0K+7M,121.557335,25.010065,https://cctv.bote.gov.taipei:8502/jpg/210,210
205,211-辛亥隧道往市區入口0K+160M,121.555817,25.011669,https://cctv.bote.gov.taipei:8502/jpg/211,211
206,212-辛亥隧道往市區入口0K+355M,121.554642,25.012848,https://cctv.bote.gov.taipei:8502/jpg/212,212
207,215-經貿二路105巷口,121.6165,25.058111,https://cctv.bote.gov.taipei:8502/jpg/215,215
208,216-南港路經貿一路,121.618722,25.05475,https://cctv.bote.gov.taipei:8502/jpg/216,216
209,217-南港路興中路,121.607389,25.054444,https://cctv.bote.gov.taipei:8502/jpg/217,217
210,218-經貿一路環東大道槽化島,121.617083,25.062694,https://cctv.bote.gov.taipei:8502/jpg/218,218
211,219-環東大道經貿二路出口匝道綠帶,121.612889,25.062778,https://cctv.bote.gov.taipei:8502/jpg/219,219
212,220-忠孝東研究院路(車行往北),121.616226,25.053165,https://cctv.bote.gov.taipei:8502/jpg/220,220
213,221-龍門大樓頂樓,121.5108646,25.05041733,https://cctv.bote.gov.taipei:8502/jpg/221,221
214,222-向陽重陽,121.594667,25.054722,https://cctv.bote.gov.taipei:8502/jpg/222,222
215,223-新生高圓山橋,121.525806,25.073722,https://cctv.bote.gov.taipei:8502/jpg/223,223
216,224-新生高民族,121.527885,25.068029,https://cctv.bote.gov.taipei:8502/jpg/224,224
217,225-新生高民權,121.527528,25.062639,https://cctv.bote.gov.taipei:8502/jpg/225,225
218,226-新生高民生,121.526944,25.057806,https://cctv.bote.gov.taipei:8502/jpg/226,226
219,227-新生高南京,121.528056,25.052361,https://cctv.bote.gov.taipei:8502/jpg/227,227
220,228-新生高長安,121.529806,25.048222,https://cctv.bote.gov.taipei:8502/jpg/228,228
221,229-新生高忠孝,121.529972,25.043,https://cctv.bote.gov.taipei:8502/jpg/229,229
222,231-中山北路6段-福國路口,121.525246,25.102564,https://cctv.bote.gov.taipei:8502/jpg/231,231
223,232-中山北路-通河街口,121.524197,25.079989,https://cctv.bote.gov.taipei:8502/jpg/232,232
224,233-中山北路3段-民權東西路口,121.522486,25.063017,https://cctv.bote.gov.taipei:8502/jpg/233,233
225,234-至善路-福林路口,121.536636,25.099347,https://cctv.bote.gov.taipei:8502/jpg/234,234
226,235-福林路-雨農路-中正路口,121.532342,25.096714,https://cctv.bote.gov.taipei:8502/jpg/235,235
227,236-故宮路-至善路口,121.546461,25.098308,https://cctv.bote.gov.taipei:8502/jpg/236,236
228,237-北安路595巷口,121.548803,25.082,https://cctv.bote.gov.taipei:8502/jpg/237,237
229,238-濱江街-大直橋路口,121.544492,25.072428,https://cctv.bote.gov.taipei:8502/jpg/238,238
230,239- 濱江街150巷口,121.536664,25.072575,https://cctv.bote.gov.taipei:8502/jpg/239,239
231,240-濱江街大佳國小大門右側(號誌桿),121.535642,25.073139,https://cctv.bote.gov.taipei:8502/jpg/240,240
232,241-民族東路-建國北路口,121.533161,25.068272,https://cctv.bote.gov.taipei:8502/jpg/241,241
233,242-松江路-民權東路口,121.533247,25.062322,https://cctv.bote.gov.taipei:8502/jpg/242,242
234,243-復興北路427巷(往北),121.544333,25.063311,https://cctv.bote.gov.taipei:8502/jpg/243,243
235,244-民族西路-延平北路口,121.510728,25.068689,https://cctv.bote.gov.taipei:8502/jpg/244,244
236,245-復興北路427巷(往南),121.544194,25.063311,https://cctv.bote.gov.taipei:8502/jpg/245,245
237,246-承德-庫倫,121.518578,25.071995,https://cctv.bote.gov.taipei:8502/jpg/246,246
238,247-北安路-大直橋頭,121.54436,25.07981,https://cctv.bote.gov.taipei:8502/jpg/247,247
239,248-北安路-中山北路口,121.52714,25.076508,https://cctv.bote.gov.taipei:8502/jpg/248,248
240,249-中山北路-圓山隧道口,121.5250251,25.0767399,https://cctv.bote.gov.taipei:8502/jpg/249,249
241,250-劍潭路-中山北路口,121.525359,25.084214,https://cctv.bote.gov.taipei:8502/jpg/250,250
242,251-劍潭路-承德路口,121.523626,25.084248,https://cctv.bote.gov.taipei:8502/jpg/251,251
243,252-民族西路承德路口,121.518532,25.068525,https://cctv.bote.gov.taipei:8502/jpg/252,252
244,253-民族西路-中山北路口,121.522778,25.068515,https://cctv.bote.gov.taipei:8502/jpg/253,253
245,255-木柵秀明,121.571077,24.991698,https://cctv.bote.gov.taipei:8502/jpg/255,255
246,256-木柵焚化廠,121.5876847,25.00521658,https://cctv.bote.gov.taipei:8502/jpg/256,256
247,257-忠孝東路-松仁路口,121.5689083,25.04086944,https://cctv.bote.gov.taipei:8502/jpg/257,257
248,258-民生東路-松江路口,121.5329167,25.05791111,https://cctv.bote.gov.taipei:8502/jpg/258,258
249,259-重慶北路-民權西路口,121.5138,25.06315,https://cctv.bote.gov.taipei:8502/jpg/259,259
250,260-重慶南路-和平西路口,121.5159028,25.02747778,https://cctv.bote.gov.taipei:8502/jpg/260,260
251,261-市民高架-西寧北路,121.5081194,25.050425,https://cctv.bote.gov.taipei:8502/jpg/261,261
252,262-忠孝東路-復興南路口,121.543925,25.04149722,https://cctv.bote.gov.taipei:8502/jpg/262,262
253,263-中華路-愛國西路口,121.5070306,25.03729722,https://cctv.bote.gov.taipei:8502/jpg/263,263
254,264-基隆路-和平東路口,121.5525944,25.02440556,https://cctv.bote.gov.taipei:8502/jpg/264,264
255,266-基隆路-八德路口(高架第2層),121.5696,25.04958056,https://cctv.bote.gov.taipei:8502/jpg/266,266
256,267-市民高架道路(往東延吉街上方),121.5524583,25.04440833,https://cctv.bote.gov.taipei:8502/jpg/267,267
257,268-基隆路口-八德路口(高架上層),121.5693889,25.04925,https://cctv.bote.gov.taipei:8502/jpg/268,268
258,269-市民大道-松信路口,121.5722278,25.04945833,https://cctv.bote.gov.taipei:8502/jpg/269,269
259,270-市民大道-松山路口,121.5777056,25.04818333,https://cctv.bote.gov.taipei:8502/jpg/270,270
260,271-市民大道-東新街口,121.5837639,25.049775,https://cctv.bote.gov.taipei:8502/jpg/271,271
261,272-東新街-八德路口,121.5828005,25.05166953,https://cctv.bote.gov.taipei:8502/jpg/272,272
262,273-市民大道與向陽路口,121.5956639,25.05134722,https://cctv.bote.gov.taipei:8502/jpg/273,273
263,274-環河北路與民族西路口燈桿上,121.509109,25.068535,https://cctv.bote.gov.taipei:8502/jpg/274,274
264,275-市民大道-中南街口,121.6152472,25.05426944,https://cctv.bote.gov.taipei:8502/jpg/275,275
265,278-重慶北路與南京西路,121.514403,25.054061,https://cctv.bote.gov.taipei:8502/jpg/278,278
266,281-竹子湖派出所前,121.540069,25.167569,https://cctv.bote.gov.taipei:8502/jpg/281,281
267,282-仰德大道二段2巷口,121.5397027,25.1019327,https://cctv.bote.gov.taipei:8502/jpg/282,282
268,283-信義路四段-光復南路口,121.5574992,25.03309573,https://cctv.bote.gov.taipei:8502/jpg/283,283
269,284-信義路-莊敬路口,121.5613374,25.03296744,https://cctv.bote.gov.taipei:8502/jpg/284,284
270,285-昌吉街-重慶北路三段,121.513,25.066,https://cctv.bote.gov.taipei:8502/jpg/285,285
271,286-民生西路-延平北路口,121.511,25.057,https://cctv.bote.gov.taipei:8502/jpg/286,286
272,287-基隆路二段-嘉興街,121.5560042,25.02730626,https://cctv.bote.gov.taipei:8502/jpg/287,287
273,288-逸仙路-松高路口,121.5615771,25.03918714,https://cctv.bote.gov.taipei:8502/jpg/288,288
274,289-承德路-石牌路口,121.509,25.112,https://cctv.bote.gov.taipei:8502/jpg/289,289
275,290-和平羅斯,121.522,25.027,https://cctv.bote.gov.taipei:8502/jpg/290,290
276,291-衡陽路-中華路一段路口,121.508,25.042,https://cctv.bote.gov.taipei:8502/jpg/291,291
277,292-成都路-昆明路口,121.5048269,25.0430233,https://cctv.bote.gov.taipei:8502/jpg/292,292
278,293-艋舺雙園,121.493,25.03,https://cctv.bote.gov.taipei:8502/jpg/293,293
279,294-汀州路-思源街口,121.531,25.015,https://cctv.bote.gov.taipei:8502/jpg/294,294
280,295-萬大路-東園街口,121.498,25.021,https://cctv.bote.gov.taipei:8502/jpg/295,295
281,296-仁愛路-金山南路口,121.5283992,25.03829891,https://cctv.bote.gov.taipei:8502/jpg/296,296
282,297-士東路-忠誠路口,121.53,25.112,https://cctv.bote.gov.taipei:8502/jpg/297,297
283,298-承德路-立賢路口,121.504,25.116,https://cctv.bote.gov.taipei:8502/jpg/298,298
284,299-民生東路限高器,121.5278263,25.05800639,https://cctv.bote.gov.taipei:8502/jpg/299,299
285,300-基隆松壽限高器,121.5604189,25.0346963,https://cctv.bote.gov.taipei:8502/jpg/300,300
286,301-忠孝西路一段86號,121.5133086,25.04740352,https://cctv.bote.gov.taipei:8502/jpg/301,301
287,303-中華路1段2號西北角（國稅局1號）,121.5097318,25.04826003,https://cctv.bote.gov.taipei:8502/jpg/303,303
288,304-中華路1段2號東北角(國稅局2號),121.5097318,25.04826003,https://cctv.bote.gov.taipei:8502/jpg/304,304
289,305-敦化-南京,121.5494028,25.05175833,https://cctv.bote.gov.taipei:8502/jpg/305,305
290,306-敦化-八德,121.5489028,25.04800833,https://cctv.bote.gov.taipei:8502/jpg/306,306
291,307-福國-文林,121.5212278,25.10160833,https://cctv.bote.gov.taipei:8502/jpg/307,307
292,308-大度路與立德路口(東南角),121.4717451,25.12298936,https://cctv.bote.gov.taipei:8502/jpg/308,308
293,309-大度路與立德路口(西南角),121.4715334,25.12318622,https://cctv.bote.gov.taipei:8502/jpg/309,309
294,310-松江路與長春路口,121.5329635,25.0549123,https://cctv.bote.gov.taipei:8502/jpg/310,310
295,311-松江路與民生東路口,121.5329837,25.0581148,https://cctv.bote.gov.taipei:8502/jpg/311,311
296,312-松江路-南京東二段,121.5329494,25.05161857,https://cctv.bote.gov.taipei:8502/jpg/312,312
297,313-松江路與長安東路口,121.5329048,25.04837561,https://cctv.bote.gov.taipei:8502/jpg/313,313
298,314-松江路市民大道口,121.5330538,25.04570815,https://cctv.bote.gov.taipei:8502/jpg/314,314
299,315-復興北路與民生東路口,121.5440837,25.05788686,https://cctv.bote.gov.taipei:8502/jpg/315,315
300,316-復興北路與南京東路口,121.5439827,25.05190533,https://cctv.bote.gov.taipei:8502/jpg/316,316
301,317-復興南路與市民大道口,121.5437534,25.04438833,https://cctv.bote.gov.taipei:8502/jpg/317,317
302,318-木柵路1段與和興路口號誌桿,121.5459973,24.98670152,https://cctv.bote.gov.taipei:8502/jpg/318,318
303,319-復興南路-仁愛三段,121.5436311,25.03782272,https://cctv.bote.gov.taipei:8502/jpg/319,319
304,320-復興南路與信義路口,121.5434377,25.0331958,https://cctv.bote.gov.taipei:8502/jpg/320,320
305,321-復興南路與復興南路2段148巷口,121.5433892,25.02850844,https://cctv.bote.gov.taipei:8502/jpg/321,321
306,322-復興南路與和平東路口,121.5429469,25.02493891,https://cctv.bote.gov.taipei:8502/jpg/322,322
307,323-瑞光路與江南街口,121.5758187,25.07600866,https://cctv.bote.gov.taipei:8502/jpg/323,323
308,324-松江路367號(中山區公所),121.5334104,25.06442183,https://cctv.bote.gov.taipei:8502/jpg/324,324
309,325-水源快上層往南門架(溪州街與汀州路4段140巷口,121.5349488,25.00484617,https://cctv.bote.gov.taipei:8502/jpg/325,325
310,326-中山北路5段與文林路口,121.5255683,25.08602915,https://cctv.bote.gov.taipei:8502/jpg/326,326
311,327-雙溪街與至誠路口,121.5266917,25.10088611,https://cctv.bote.gov.taipei:8502/jpg/327,327
312,328-民生東路與中山北路口,121.5227248,25.05773305,https://cctv.bote.gov.taipei:8502/jpg/328,328
313,329-光復南路與市民大道口,121.557685,25.04492577,https://cctv.bote.gov.taipei:8502/jpg/329,329
314,330-信義路與安和路口,121.5524343,25.03317711,https://cctv.bote.gov.taipei:8502/jpg/330,330
315,331-興隆路與辛亥路口,121.5544587,25.00079635,https://cctv.bote.gov.taipei:8502/jpg/331,331
316,332-興隆路與興隆路3段112巷口,121.5579086,24.9990456,https://cctv.bote.gov.taipei:8502/jpg/332,332
317,333-康寧路3段與南湖大橋,121.6112466,25.0638845,https://cctv.bote.gov.taipei:8502/jpg/333,333
318,334-研究院路2段與大坑街口(南深橋),121.615846,25.04898,https://cctv.bote.gov.taipei:8502/jpg/334,334
319,335-康寧路3段與康寧路3段222巷口,121.6119127,25.06653314,https://cctv.bote.gov.taipei:8502/jpg/335,335
320,336-民生西路與重慶北路口,121.5138393,25.05700219,https://cctv.bote.gov.taipei:8502/jpg/336,336
321,337-中華路一段39號1(台糖騰雲大樓頂樓西南角),121.5095188,25.04552949,https://cctv.bote.gov.taipei:8502/jpg/337,337
322,338-中華路一段39號2(台糖騰雲大樓頂樓西北角),121.5095,25.04544444,https://cctv.bote.gov.taipei:8502/jpg/338,338
323,339-民權東路6段與民權東路6段206巷口,121.5967611,25.06701389,https://cctv.bote.gov.taipei:8502/jpg/339,339
324,341-南京東路4段北寧路口,121.5517954,25.05150119,https://cctv.bote.gov.taipei:8502/jpg/341,341
325,342-辛亥路3段基隆路3段路口,121.5466159,25.01873273,https://cctv.bote.gov.taipei:8502/jpg/342,342
326,343-市高(光復) 市高西行既設鋼構,121.5595583,25.04521969,https://cctv.bote.gov.taipei:8502/jpg/343,343
327,344-市高(建國) 市高西行既設鋼構,121.5395597,25.04459275,https://cctv.bote.gov.taipei:8502/jpg/344,344
328,345-忠孝東-敦化南路口,121.5488551,25.04145101,https://cctv.bote.gov.taipei:8502/jpg/345,345
329,346-中山北-濟南路口,121.5189188,25.04331665,https://cctv.bote.gov.taipei:8502/jpg/346,346
330,347-羅斯福-中山南-愛國路口,121.5167006,25.03486221,https://cctv.bote.gov.taipei:8502/jpg/347,347
331,348-八德-塔悠路口,121.5722722,25.0499889,https://cctv.bote.gov.taipei:8502/jpg/348,348
332,349-南京東-三民路口,121.5637797,25.0514517,https://cctv.bote.gov.taipei:8502/jpg/349,349
333,350-成功-內湖交流道路口,121.5911242,25.06129171,https://cctv.bote.gov.taipei:8502/jpg/350,350
334,351-南京-光復路口,121.557315,25.05155798,https://cctv.bote.gov.taipei:8502/jpg/351,351
335,352-忠孝-延吉路口,121.5544544,25.0414112,https://cctv.bote.gov.taipei:8502/jpg/352,352
336,353-八德-新生北路口,121.5298689,25.04363587,https://cctv.bote.gov.taipei:8502/jpg/353,353
337,354-信義-敦化路口,121.5487834,25.03319875,https://cctv.bote.gov.taipei:8502/jpg/354,354
338,355-和平-敦化路口,121.5487301,25.02447036,https://cctv.bote.gov.taipei:8502/jpg/355,355
339,356-艋舺-萬大路口,121.5005,25.03305,https://cctv.bote.gov.taipei:8502/jpg/356,356
340,357-民族-重慶路口,121.5136523,25.06860855,https://cctv.bote.gov.taipei:8502/jpg/357,357
341,358-木柵-辛亥路口,121.5523655,24.98769899,https://cctv.bote.gov.taipei:8502/jpg/358,358
342,359-木柵-興隆路口,121.5601661,24.98871072,https://cctv.bote.gov.taipei:8502/jpg/359,359
343,360-木新-樟新路口,121.5548942,24.98016743,https://cctv.bote.gov.taipei:8502/jpg/360,360
344,361-羅斯福路五段211巷路口,121.5389509,25.00226207,https://cctv.bote.gov.taipei:8502/jpg/361,361
345,362-木柵-信義快匝道路口,121.5768371,25.00032514,https://cctv.bote.gov.taipei:8502/jpg/362,362
346,363-忠孝東路7段325巷口,121.60569,25.05195,https://cctv.bote.gov.taipei:8502/jpg/363,363
347,364-市民大道8段與南港路2段41巷口,121.6032,25.05261,https://cctv.bote.gov.taipei:8502/jpg/364,364
348,365-南港路2段23巷口,121.60314,25.05366,https://cctv.bote.gov.taipei:8502/jpg/365,365
349,366-承德路6段-福國路口,121.51233,25.1013,https://cctv.bote.gov.taipei:8502/jpg/366,366
350,367-洲子街-瑞光路393巷,121.5733889,25.07910833,https://cctv.bote.gov.taipei:8502/jpg/367,367
351,368-南京東路六段-舊宗路一段,121.581675,25.05726111,https://cctv.bote.gov.taipei:8502/jpg/368,368
352,369-重慶南路-汀州路2段,121.5166389,25.02565,https://cctv.bote.gov.taipei:8502/jpg/369,369
353,370-和平西路3段-南寧路,121.5031556,25.03520833,https://cctv.bote.gov.taipei:8502/jpg/370,370
354,371-和平西路2段-泉州街,121.5143972,25.02766389,https://cctv.bote.gov.taipei:8502/jpg/371,371
355,372-民權東路與敦化北路,121.5512917,25.06165833,https://cctv.bote.gov.taipei:8502/jpg/372,372
356,373-格致路與凱旋路,121.5463722,25.13681389,https://cctv.bote.gov.taipei:8502/jpg/373,373
357,374-重慶南路與廈門街114巷,121.5169944,25.02303056,https://cctv.bote.gov.taipei:8502/jpg/374,374
358,375-重慶北路2段48號,121.5140028,25.05555,https://cctv.bote.gov.taipei:8502/jpg/375,375
359,376-辛亥路4段-101巷,121.558565,25.006698,https://cctv.bote.gov.taipei:8502/jpg/376,376
360,377-菸廠路 市民大道5段14巷,121.5604497,25.045062,https://cctv.bote.gov.taipei:8502/jpg/377,377
361,378-市民大道八段99號(東北角) (臺北流行音樂中心南館頂樓東北角),121.5977722,25.05168333,https://cctv.bote.gov.taipei:8502/jpg/378,378
362,379-市民大道八段99號(西南角) (臺北流行音樂中心南館頂樓西南角),121.5976056,25.05142222,https://cctv.bote.gov.taipei:8502/jpg/379,379
363,380-南港路2段59號(東北角),121.5989194,25.05346944,https://cctv.bote.gov.taipei:8502/jpg/380,380
364,381-羅斯福路2段9號(羅斯福金融廣場大樓),121.5212056,25.02894722,https://cctv.bote.gov.taipei:8502/jpg/381,381
365,382-忠孝東路-光復南路(巨蛋體育館),121.5583624,25.0420172,https://cctv.bote.gov.taipei:8502/jpg/382,382
366,383-忠孝逸仙,121.5616393,25.0411849,https://cctv.bote.gov.taipei:8502/jpg/383,383
367,384-忠孝東路-逸仙路(巨蛋辦公樓),121.5613746,25.04185723,https://cctv.bote.gov.taipei:8502/jpg/384,384
368,385-瑞湖街陽光街321巷,121.5764,25.07123,https://cctv.bote.gov.taipei:8502/jpg/385,385
369,386-中正路-基河路,121.5244972,25.09496667,https://cctv.bote.gov.taipei:8502/jpg/386,386
370,387-中正路-文林路,121.52449,25.09496,https://cctv.bote.gov.taipei:8502/jpg/387,387
371,388-八德路3段-光復北路,121.5578,25.04816,https://cctv.bote.gov.taipei:8502/jpg/388,388
372,389-中山北路6段-德行西路,121.52491,25.10647,https://cctv.bote.gov.taipei:8502/jpg/389,389
373,390-中正路-延平北路5段(西南角),121.50933,25.08666,https://cctv.bote.gov.taipei:8502/jpg/390,390
374,391-文山北向入口,121.5816271,25.00916456,https://cctv.bote.gov.taipei:8502/jpg/391,391
375,392-文山北向出口,121.5781427,25.0209973,https://cctv.bote.gov.taipei:8502/jpg/392,392
376,393-文山南向入口,121.5774561,25.02130841,https://cctv.bote.gov.taipei:8502/jpg/393,393
377,394-文山南向出口,121.5812802,25.00992394,https://cctv.bote.gov.taipei:8502/jpg/394,394
378,395-象山北向入口,121.5763657,25.02374133,https://cctv.bote.gov.taipei:8502/jpg/395,395
379,396-象山北向出口,121.5719446,25.03128632,https://cctv.bote.gov.taipei:8502/jpg/396,396
380,397-象山南向入口,121.571553,25.03133979,https://cctv.bote.gov.taipei:8502/jpg/397,397
381,398-象山南向出口,121.5760372,25.02371064,https://cctv.bote.gov.taipei:8502/jpg/398,398
382,399-木柵路4段-和平東路4段,121.57443,24.99803,https://cctv.bote.gov.taipei:8502/jpg/399,399
383,400-信義杭州,121.52414,25.03556,https://cctv.bote.gov.taipei:8502/jpg/400,400
384,401-民權東路6段180巷口,121.59282,25.0689,https://cctv.bote.gov.taipei:8502/jpg/401,401
385,402-文林北路(75巷)94巷口,121.51762,25.10536,https://cctv.bote.gov.taipei:8502/jpg/402,402
386,403-北士科1(福國路-洲美社區),121.50518,25.10119,https://cctv.bote.gov.taipei:8502/jpg/403,403
387,404-北士科2(福國路-承平路),121.50813,25.1013,https://cctv.bote.gov.taipei:8502/jpg/404,404
388,405-北士科3(福善路-承平路),121.50817,25.09937,https://cctv.bote.gov.taipei:8502/jpg/405,405
389,406-石牌路-立農街2段,121.51899,25.11876,https://cctv.bote.gov.taipei:8502/jpg/406,406
390,407-石牌路2段-東華街1段(捷運石牌站),121.51527,25.11528,https://cctv.bote.gov.taipei:8502/jpg/407,407
391,408-石牌路2段-天母西路,121.52192,25.11921,https://cctv.bote.gov.taipei:8502/jpg/408,408
392,409-石牌路2段130巷,121.51749,25.11807,https://cctv.bote.gov.taipei:8502/jpg/409,409
393,410-木新路1段-指南路1段,121.57064,24.98775,https://cctv.bote.gov.taipei:8502/jpg/410,410
394,411-中山北路5段-中正路,121.52791,25.09574,https://cctv.bote.gov.taipei:8502/jpg/411,411
395,412-中山北路6段-忠誠路1段,121.52489,25.10404,https://cctv.bote.gov.taipei:8502/jpg/412,412
396,413-湖山路-陽金公路,121.54607,25.15222,https://cctv.bote.gov.taipei:8502/jpg/413,413
397,414-重慶北路3段-啟聰學校前,121.51378,25.0746,https://cctv.bote.gov.taipei:8502/jpg/414,414
398,415-承德路1段-南京西路,121.51778,25.05323,https://cctv.bote.gov.taipei:8502/jpg/415,415
399,416-木柵路4段-萬芳路,121.57173,24.99488,https://cctv.bote.gov.taipei:8502/jpg/416,416
400,417-和平東路1段-師大路,121.52847,25.0266,https://cctv.bote.gov.taipei:8502/jpg/417,417
401,418-市民大道5段-東興路,121.56578,25.04828,https://cctv.bote.gov.taipei:8502/jpg/418,418
